{
    "File": ".\\dataset\\animal_customize_cat_filter\\animals_1.jpg",
    "contrast": 55.64813561220745,
    "WB_red": 48.79154254513347,
    "WB_green": 49.67338099850525,
    "WB_blue": 55.445994623748476,
    "avg_brightness": 50.97080509158396,
    "avg_perceived_brightness": 54.94651189179376,
    "avg_hue": 21.001697315332095,
    "avg_saturation": 21.201111262406197,
    "avg_sharpness": 76.98735656410744,
    "avg_highlights": 48.31948020241477,
    "avg_shadow": 62.753570556640625,
    "avg_temperature": 50.0209656113776,
    "avg_noisy": 27.933181797500207,
    "avg_exposure": 52.13299745824255
}
{
    "File": ".\\dataset\\animal_customize_cat_filter\\animals_131.jpg",
    "contrast": 25.575424890091362,
    "WB_red": 49.63131523072817,
    "WB_green": 50.173830506769654,
    "WB_blue": 50.07804686065642,
    "avg_brightness": 72.4241426611797,
    "avg_perceived_brightness": 76.07639141047365,
    "avg_hue": 51.81023188380808,
    "avg_saturation": 9.948864278221578,
    "avg_sharpness": 14.309853830366915,
    "avg_highlights": 38.10055819424716,
    "avg_shadow": 67.8313217163086,
    "avg_temperature": 50.001496629194015,
    "avg_noisy": 12.837860336987037,
    "avg_exposure": 72.36611948277253
}
{
    "File": ".\\dataset\\animal_customize_cat_filter\\animals_224.jpg",
    "contrast": 39.1498678028228,
    "WB_red": 47.29628466204506,
    "WB_green": 48.95383763655193,
    "WB_blue": 67.38785796866736,
    "avg_brightness": 22.083168963363427,
    "avg_perceived_brightness": 25.93154401678367,
    "avg_hue": 14.333392085788802,
    "avg_saturation": 40.62220787720666,
    "avg_sharpness": 40.72319300374671,
    "avg_highlights": 36.70202081853693,
    "avg_shadow": 45.966304779052734,
    "avg_temperature": 50.055875026241594,
    "avg_noisy": 19.6516983480836,
    "avg_exposure": 23.488490814707227
}
{
    "File": ".\\dataset\\animal_customize_cat_filter\\animals_230.jpg",
    "contrast": 54.56607631557097,
    "WB_red": 46.28730494004484,
    "WB_green": 50.419968991233524,
    "WB_blue": 60.01410652544925,
    "avg_brightness": 33.361521199362684,
    "avg_perceived_brightness": 39.675422119333504,
    "avg_hue": 25.318248680358046,
    "avg_saturation": 44.76403236739782,
    "avg_sharpness": 5.690056793933645,
    "avg_highlights": 47.28293678977273,
    "avg_shadow": 46.007930755615234,
    "avg_temperature": 50.042525097995146,
    "avg_noisy": 27.390030464286603,
    "avg_exposure": 34.45230614808433
}
{
    "File": ".\\dataset\\animal_customize_cat_filter\\animals_359.jpg",
    "contrast": 35.961782934957434,
    "WB_red": 47.56014736554645,
    "WB_green": 50.310628718141814,
    "WB_blue": 55.69945451520712,
    "avg_brightness": 66.65015263993114,
    "avg_perceived_brightness": 71.47217279916082,
    "avg_hue": 12.380429253741637,
    "avg_saturation": 16.6490866819979,
    "avg_sharpness": 11.862548218358471,
    "avg_highlights": 16.92868319424716,
    "avg_shadow": 58.21811294555664,
    "avg_temperature": 50.02610191778624,
    "avg_noisy": 18.051404767351183,
    "avg_exposure": 67.94562656338255
}
{
    "File": ".\\dataset\\animal_customize_cat_filter\\animals_360.jpg",
    "contrast": 55.386977042781304,
    "WB_red": 48.705522563381415,
    "WB_green": 50.33593358687364,
    "WB_blue": 51.83252641949891,
    "avg_brightness": 83.1379568446562,
    "avg_perceived_brightness": 85.97517945924808,
    "avg_hue": 6.733860813818914,
    "avg_saturation": 11.420945158690257,
    "avg_sharpness": 26.167174272129426,
    "avg_highlights": 94.18936989524148,
    "avg_shadow": 60.86544418334961,
    "avg_temperature": 50.01037550206043,
    "avg_noisy": 27.80209043716081,
    "avg_exposure": 83.56836060635081
}
{
    "File": ".\\dataset\\animal_customize_cat_filter\\animals_405.jpg",
    "contrast": 40.250392191647165,
    "WB_red": 48.1303710472222,
    "WB_green": 50.52159860131352,
    "WB_blue": 52.48379378916028,
    "avg_brightness": 74.13857565202578,
    "avg_perceived_brightness": 79.14378118359825,
    "avg_hue": 28.333157914147336,
    "avg_saturation": 13.746253345302456,
    "avg_sharpness": 41.256679482885595,
    "avg_highlights": 52.15839732776988,
    "avg_shadow": 63.26673126220703,
    "avg_temperature": 50.01445226480612,
    "avg_noisy": 20.204118433454262,
    "avg_exposure": 74.6062108313833
}
{
    "File": ".\\dataset\\animal_customize_cat_filter\\animals_457.jpg",
    "contrast": 50.118629081160215,
    "WB_red": 48.59653016399227,
    "WB_green": 50.154565418912696,
    "WB_blue": 53.17862784572248,
    "avg_brightness": 45.11712712703588,
    "avg_perceived_brightness": 49.89648023060663,
    "avg_hue": 25.375147066844317,
    "avg_saturation": 23.12239987683694,
    "avg_sharpness": 57.9748659930197,
    "avg_highlights": 25.001609108664773,
    "avg_shadow": 58.68082046508789,
    "avg_temperature": 50.01494469539881,
    "avg_noisy": 25.15758636230787,
    "avg_exposure": 45.63392210544014
}
{
    "File": ".\\dataset\\animal_customize_cat_filter\\animals_472.jpg",
    "contrast": 37.2433756644065,
    "WB_red": 56.72581769880244,
    "WB_green": 46.27228585692787,
    "WB_blue": 55.78318321562122,
    "avg_brightness": 17.128579009705703,
    "avg_perceived_brightness": 25.33156634096554,
    "avg_hue": 38.82791521475317,
    "avg_saturation": 77.63395336912063,
    "avg_sharpness": 18.86898592879606,
    "avg_highlights": 28.46865567294034,
    "avg_shadow": 56.69831085205078,
    "avg_temperature": 49.997394516595314,
    "avg_noisy": 18.694714058996205,
    "avg_exposure": 17.97759646977387
}
{
    "File": ".\\dataset\\animal_customize_cat_filter\\animals_486.jpg",
    "contrast": 53.733759767356325,
    "WB_red": 44.10767460546046,
    "WB_green": 52.090758016192964,
    "WB_blue": 58.33425965926219,
    "avg_brightness": 45.32772320003958,
    "avg_perceived_brightness": 53.68828772280673,
    "avg_hue": 16.45729986230206,
    "avg_saturation": 40.52376807786208,
    "avg_sharpness": 36.691715126649115,
    "avg_highlights": 35.14423717151988,
    "avg_shadow": 46.660186767578125,
    "avg_temperature": 50.0468484400274,
    "avg_noisy": 26.97224019694749,
    "avg_exposure": 46.086897511036184
}
{
    "File": ".\\dataset\\animal_customize_cat_filter\\animals_57.jpg",
    "contrast": 56.9853220854583,
    "WB_red": 58.8159180716154,
    "WB_green": 46.67058087480473,
    "WB_blue": 48.67295490245864,
    "avg_brightness": 36.35092047183147,
    "avg_perceived_brightness": 41.29948985538431,
    "avg_hue": 39.25816627200343,
    "avg_saturation": 42.936078162403504,
    "avg_sharpness": 21.978832384315563,
    "avg_highlights": 49.4837812943892,
    "avg_shadow": 34.542518615722656,
    "avg_temperature": 49.969960705781396,
    "avg_noisy": 28.60439696838691,
    "avg_exposure": 36.98316948635878
}
{
    "File": ".\\dataset\\animal_customize_cat_filter\\animals_76.jpg",
    "contrast": 35.59637450704945,
    "WB_red": 45.67628053796047,
    "WB_green": 51.19210783079706,
    "WB_blue": 57.38785140417896,
    "avg_brightness": 47.177013905699454,
    "avg_perceived_brightness": 53.02168540484323,
    "avg_hue": 18.52858530473366,
    "avg_saturation": 27.550239158306212,
    "avg_sharpness": 64.15141294937406,
    "avg_highlights": 12.703718705610795,
    "avg_shadow": 75.76203155517578,
    "avg_temperature": 50.037958380459116,
    "avg_noisy": 17.867984066283643,
    "avg_exposure": 48.096659628643415
}
